"Fact","Fact Note","Queens County, New York","Value Note for Queens County, New York","United States","Value Note for United States"
"Population estimates, July 1, 2023, (V2023)","","2,252,196","","334,914,895",""
"Population estimates base, April 1, 2020, (V2023)","","2,405,425","","331,464,948",""
"Population, percent change - April 1, 2020 (estimates base) to July 1, 2023, (V2023)","","-6.4%","","1.0%",""
"Population, Census, April 1, 2020","","2,405,464","","331,449,281",""
"Population, Census, April 1, 2010","","2,230,722","","308,745,538",""
"Persons under 5 years, percent","","5.1%","","5.5%",""
"Persons under 18 years, percent","","19.1%","","21.7%",""
"Persons 65 years and over, percent","","18.7%","","17.7%",""
"Female persons, percent","","51.2%","","50.5%",""
"White alone, percent","","46.4%","","75.3%",""
"Black or African American alone, percent","(a)","20.7%","","13.7%",""
"American Indian and Alaska Native alone, percent","(a)","1.5%","","1.3%",""
"Asian alone, percent","(a)","28.0%","","6.4%",""
"Native Hawaiian and Other Pacific Islander alone, percent","(a)","0.2%","","0.3%",""
"Two or More Races, percent","","3.2%","","3.1%",""
"Hispanic or Latino, percent","(b)","28.1%","","19.5%",""
"White alone, not Hispanic or Latino, percent","","24.0%","","58.4%",""
"Veterans, 2018-2022","","38,515","","17,038,807",""
"Foreign born persons, percent, 2018-2022","","47.1%","","13.7%",""
"Housing Units, July 1, 2023, (V2023)","","917,364","","145,344,636",""
"Owner-occupied housing unit rate, 2018-2022","","45.2%","","64.8%",""
"Median value of owner-occupied housing units, 2018-2022","","$677,700","","$281,900",""
"Median selected monthly owner costs -with a mortgage, 2018-2022","","$2,977","","$1,828",""
"Median selected monthly owner costs -without a mortgage, 2018-2022","","$1,042","","$584",""
"Median gross rent, 2018-2022","","$1,847","","$1,268",""
"Building Permits, 2023","","7,931","","1,511,102",""
"Households, 2018-2022","","816,859","","125,736,353",""
"Persons per household, 2018-2022","","2.85","","2.57",""
"Living in same house 1 year ago, percent of persons age 1 year+, 2018-2022","","92.1%","","86.9%",""
"Language other than English spoken at home, percent of persons age 5 years+, 2018-2022","","55.4%","","21.7%",""
"Households with a computer, percent, 2018-2022","","94.2%","","94.0%",""
"Households with a broadband Internet subscription, percent, 2018-2022","","89.2%","","88.3%",""
"High school graduate or higher, percent of persons age 25 years+, 2018-2022","","82.8%","","89.1%",""
"Bachelor's degree or higher, percent of persons age 25 years+, 2018-2022","","34.8%","","34.3%",""
"With a disability, under age 65 years, percent, 2018-2022","","5.8%","","8.9%",""
"Persons without health insurance, under age 65 years, percent","","8.7%","","9.5%",""
"In civilian labor force, total, percent of population age 16 years+, 2018-2022","","63.6%","","63.0%",""
"In civilian labor force, female, percent of population age 16 years+, 2018-2022","","58.2%","","58.5%",""
"Total accommodation and food services sales, 2017 ($1,000)","(c)","4,593,736","","938,237,077",""
"Total health care and social assistance receipts/revenue, 2017 ($1,000)","(c)","15,735,791","","2,527,903,275",""
"Total transportation and warehousing receipts/revenue, 2017 ($1,000)","(c)","20,371,315","","895,225,411",""
"Total retail sales, 2017 ($1,000)","(c)","19,297,120","","4,949,601,481",""
"Total retail sales per capita, 2017","(c)","$8,408","","$15,224",""
"Mean travel time to work (minutes), workers age 16 years+, 2018-2022","","43.6","","26.7",""
"Median household income (in 2022 dollars), 2018-2022","","$82,431","","$75,149",""
"Per capita income in past 12 months (in 2022 dollars), 2018-2022","","$39,201","","$41,261",""
"Persons in poverty, percent","","13.1%","","11.1%",""
"Total employer establishments, 2022","","50,822","","8,298,562",""
"Total employment, 2022","","579,883","","135,748,407",""
"Total annual payroll, 2022 ($1,000)","","32,965,718","","8,965,035,263",""
"Total employment, percent change, 2021-2022","","6.7%","","5.8%",""
"Total nonemployer establishments, 2021","","254,212","","28,477,518",""
"All employer firms, Reference year 2017","","44,964","","5,744,643",""
"Men-owned employer firms, Reference year 2017","","29,262","","3,480,438",""
"Women-owned employer firms, Reference year 2017","","10,125","","1,134,549",""
"Minority-owned employer firms, Reference year 2017","","20,423","","1,014,958",""
"Nonminority-owned employer firms, Reference year 2017","","22,039","","4,371,152",""
"Veteran-owned employer firms, Reference year 2017","","1,032","","351,237",""
"Nonveteran-owned employer firms, Reference year 2017","","41,558","","4,968,606",""
"Population per square mile, 2020","","22,124.5","","93.8",""
"Population per square mile, 2010","","20,553.6","","87.4",""
"Land area in square miles, 2020","","108.72","","3,533,038.28",""
"Land area in square miles, 2010","","108.53","","3,531,905.43",""
"FIPS Code","","""36081""","","""1""",""
"","","","","",""
"NOTE: FIPS Code values are enclosed in quotes to ensure leading zeros remain intact.","","","","",""
"","","","","",""
"Value Notes","","","","",""
"None","","","","",""
"","","","","",""
"Fact Notes","","","","",""
"(a)","Includes persons reporting only one race","","","",""
"(b)","Hispanics may be of any race, so also are included in applicable race categories","","","",""
"(c)","Economic Census - Puerto Rico data are not comparable to U.S. Economic Census data","","","",""
"","","","","",""
"Value Flags","","","","",""
"D","Suppressed to avoid disclosure of confidential information","","","",""
"F","Fewer than 25 firms","","","",""
"FN","Footnote on this item in place of data","","","",""
"NA","Not available","","","",""
"S","Suppressed; does not meet publication standards","","","",""
"X","Not applicable","","","",""
"Z","Value greater than zero but less than half unit of measure shown","","","",""
"-","Either no or too few sample observations were available to compute an estimate, or a ratio of medians cannot be calculated because one or both of the median estimates falls in the lowest or upper interval of an open ended distribution.","","","",""
"N","Data for this geographic area cannot be displayed because the number of sample cases is too small.","","","",""
